iternum,error
4,2.201468e-01
8,1.945688e-02
16,1.445287e-03
32,9.844832e-05
64,6.422962e-06
128,4.101357e-07
256,2.590959e-08
512,1.628059e-09
1024,1.019771e-10
